year,state,black_prop_vap,black,total_vap
1970,AL,0.22766175967134544,997500,4381500
1970,AK,0.03388406608793055,12100,357100
1970,AZ,0.0261235829188511,58300,2231700
1970,AR,0.15408155154598205,387700,2516200
1970,CA,0.061282923774530144,1624500,26508200
1970,CO,0.026404376183463075,75300,2851800
1970,CT,0.050742327620565963,203700,4014400
1970,DE,0.12676659528907924,88800,700500
1970,FL,0.12222007140706327,1136500,9298800
1970,GA,0.22551756023219577,1317000,5839900
1970,HI,0.010836229809854835,10600,978200
1970,ID,0.004024594745667971,3600,894500
1970,IL,0.10947901193816362,1592000,14541600
1970,IN,0.05988176307715334,400100,6681500
1970,IA,0.01068254097692245,39300,3678900
1970,KS,0.04307971257806729,128300,2978200
1970,KY,0.0675691836685881,282500,4180900
1970,LA,0.26802973147920806,1200800,4480100
1970,ME,0.002650658766664068,3400,1282700
1970,MD,0.15854787558847283,804900,5076700
1970,MA,0.02611464130191683,198500,7601100
1970,MI,0.10229283199599692,1144800,11191400
1970,MN,0.00803895162125764,38800,4826500
1970,MS,0.3127164223089958,848900,2714600
1970,MO,0.08828209125536395,549300,6222100
1970,MT,0.0034309240622140895,3000,874400
1970,NE,0.023391812865497075,45600,1949400
1970,NV,0.04503227838135727,28600,635100
1970,NH,0.0023973316656243485,2300,959400
1970,NJ,0.09215221224078583,878100,9528800
1970,NM,0.017551156213608386,21100,1202200
1970,NY,0.10485230268101196,2581600,24621300
1970,NC,0.19423762226097505,1280900,6594500
1970,ND,0.0038575286100038576,3000,777700
1970,OH,0.0825523444197434,1136300,13764600
1970,OK,0.05814564126502509,199300,3427600
1970,OR,0.010755792969031978,29800,2770600
1970,PA,0.07703339609052198,1219300,15828200
1970,RI,0.0228544776119403,29400,1286400
1970,SC,0.26027819757579496,843900,3242300
1970,SD,0.0030842230130486356,2600,843000
1970,TN,0.13842454330372725,713800,5156600
1970,TX,0.11248374512353707,1608900,14303400
1970,UT,0.006482213438735178,8200,1265000
1970,VT,0.0012369676621311187,700,565900
1970,VA,0.16559548793284365,1010000,6099200
1970,WA,0.01806422836752899,81000,4484000
1970,WV,0.03553475472352227,82000,2307600
1970,WI,0.022855721039348808,128600,5626600
1970,WY,0.008718190386427899,3700,424400
1980,AL,0.22957033307966984,313740,1366640
1980,AK,0.03350231430460657,4560,136110
1980,AZ,0.025087781263634663,24150,962620.0000000001
1980,AR,0.13886888055438265,111820,805220
1980,CA,0.0702320911417677,605060,8615150
1980,CO,0.03205999440926135,33260,1037429.9999999999
1980,CT,0.058702124482931245,66840,1138630
1980,DE,0.1405484357331323,29830,212240
1980,FL,0.11371738877005202,419450,3688530.0000000005
1980,GA,0.24118153742725687,459200,1903959.9999999998
1980,HI,0.01849056603773585,6370,344500
1980,ID,0.0028881773089721855,919.9999999999999,318540
1980,IL,0.1287865237366003,525610,4081250
1980,IN,0.0676732913734123,130959.99999999999,1935180
1980,IA,0.012535180151190602,13050,1041070.0000000001
1980,KS,0.047395577969227894,40600,856620.0000000001
1980,KY,0.06637685224138737,85200,1283580
1980,LA,0.26641120673409135,381690,1432710
1980,ME,0.002943157159603921,1180,400930
1980,MD,0.20835609136554775,316620,1519610
1980,MA,0.03361873226111637,71070,2114000
1980,MI,0.11647102601400494,378730,3251710
1980,MN,0.01064388961892247,15390,1445900
1980,MS,0.3106489789694688,264850,852570.0000000001
1980,MO,0.09335565212000294,165640,1774290.0000000002
1980,MT,0.0022674920817736827,630,277840
1980,NE,0.025658362989323842,14419.999999999998,562000
1980,NV,0.05327588565175762,15580.000000000002,292440
1980,NH,0.004394472057219057,1450,329960
1980,NJ,0.11019025843966447,295430,2681090
1980,NM,0.016481653139201014,7290.000000000001,442310.00000000006
1980,NY,0.12396068713249522,794350,6408080
1980,NC,0.20324533624921304,429370,2112570
1980,ND,0.0038153045740299154,880.0000000000001,230650
1980,OH,0.09208100257196429,354080,3845310
1980,OK,0.060038424591738714,65000,1082640
1980,OR,0.012312560907881086,11750,954310
1980,PA,0.08033253067308795,350290,4360500
1980,RI,0.024513153399385035,8610,351240
1980,SC,0.27319161445606044,297380,1088540
1980,SD,0.003137125402460167,760,242260
1980,TN,0.14279967329424242,234280.00000000003,1640620
1980,TX,0.11097472836729667,549700,4953380
1980,UT,0.007050221951431805,3240,459560.00000000006
1980,VT,0.0025124255830465893,459.99999999999994,183090
1980,VA,0.17409705961582295,336070,1930359.9999999998
1980,WA,0.023504787888514417,35150,1495440
1980,WV,0.03235620665292056,22440,693530
1980,WI,0.03190217066315852,53350,1672300
1980,WY,0.005985806849737736,969.9999999999999,162050
1990,AL,0.21392484674236822,309530,1446910
1990,AK,0.026504039936184446,5150,194310
1990,AZ,0.023559623971435403,30550,1296710
1990,AR,0.12639197556540652,106350,841429.9999999999
1990,CA,0.06053007791741204,646960,10688240
1990,CO,0.0292152117822401,36460,1247980
1990,CT,0.057545968189686145,70480,1224760
1990,DE,0.13613626028359999,32930,241890
1990,FL,0.10815336097533657,560030,5178110
1990,GA,0.24178364103050054,586850,2427170
1990,HI,0.02042002761427222,8430,412830
1990,ID,0.0024516242010331844,840,342630
1990,IL,0.0985675625233296,422500,4286400
1990,IN,0.055851610944035734,114030,2041659.9999999998
1990,IA,0.00913223957303815,9240,1011800
1990,KS,0.03774389244138383,34530,914850
1990,KY,0.05881595979017009,77700,1321070
1990,LA,0.2700750853242321,395660,1465000
1990,ME,0.003026608021599965,1390,459260.00000000006
1990,MD,0.20395991067051583,374450,1835900
1990,MA,0.035858126542808885,85560,2386070
1990,MI,0.08990432051270446,297960,3314190
1990,MN,0.009577118253113947,15569.999999999998,1625750
1990,MS,0.3263546798029557,304750,933800
1990,MO,0.075189646294399,141640,1883770
1990,MT,0.0022875933802766557,640,279770
1990,NE,0.021223868443878004,11990,564930
1990,NV,0.05279968280540993,23970,453980
1990,NH,0.0047562425683709865,2000,420500
1990,NJ,0.1019162830532063,314160,3082530
1990,NM,0.015121880546198703,8350,552180
1990,NY,0.10539553988055066,726170,6889950
1990,NC,0.19873913623766418,506280,2547460
1990,ND,0.0031162496612772107,690,221419.99999999997
1990,OH,0.08141081237351835,323840,3977850
1990,OK,0.05436970338983051,61590,1132800
1990,OR,0.011429174623585748,11910,1042070.0000000001
1990,PA,0.05169571073835482,232960,4506370
1990,RI,0.029180990369223503,11120,381070
1990,SC,0.27295850175373226,336970,1234510
1990,SD,0.0025879701131193387,620,239569.99999999997
1990,TN,0.1283085070447091,235500,1835420
1990,TX,0.0992313112142236,625320,6301640
1990,UT,0.005281277600533535,2930,554790
1990,VT,0.0030414520480745648,620,203850
1990,VA,0.16884123784418403,381100,2257150
1990,WA,0.0227616416952652,40790,1792050
1990,WV,0.028585749654449627,18820,658370
1990,WI,0.02274107564612997,40440,1778280
1990,WY,0.005176767676767677,819.9999999999999,158400
2000,AL,0.23255827976700152,385670,1658380
2000,AK,0.026164383561643835,5730,219000
2000,AZ,0.0258661754898536,48870,1889340.0000000002
2000,AR,0.12769712039785033,127359.99999999999,997360
2000,CA,0.05833453159824574,714010,12239920
2000,CO,0.030404178304379956,48550,1596820
2000,CT,0.07547022372256214,96580,1279710
2000,DE,0.15871390538603317,46500,292980
2000,FL,0.12617091764675148,772730,6124470
2000,GA,0.26341784213987574,785080,2980360
2000,HI,0.015874052782858635,7290.000000000001,459239.99999999994
2000,ID,0.002915959437698568,1340,459539.99999999994
2000,IL,0.11306136155623986,515120,4556110
2000,IN,0.06398517161983162,143950,2249740
2000,IA,0.012000510660028087,13160,1096620
2000,KS,0.04086107032142274,40070,980640
2000,KY,0.06238505500880009,94640,1517030
2000,LA,0.29266765448018894,472070,1612990
2000,ME,0.003612466069351185,1770,489970
2000,MD,0.24057721848645458,472970,1965980
2000,MA,0.04503990406483894,108920,2418300
2000,MI,0.10074547564943026,369750,3670140
2000,MN,0.017804267779683795,32589.999999999996,1830459.9999999998
2000,MS,0.3550036025159192,364610,1027060
2000,MO,0.08037015482437365,167100,2079130
2000,MT,0.0019229631382758417,650,338020
2000,NE,0.0214001300823326,13490,630370
2000,NV,0.05882193855473821,43500,739520
2000,NH,0.005329018338727076,2470,463500
2000,NJ,0.11594621166471092,365590,3153100
2000,NM,0.015128938085391072,9950,657680
2000,NY,0.12122739667553153,863350,7121739.999999999
2000,NC,0.1992157018344377,602500,3024360
2000,ND,0.0033432392273402673,810,242280.00000000003
2000,OH,0.09277887551643614,392540,4230920
2000,OK,0.05328992859973118,68590,1287110
2000,OR,0.013345161114612756,17150,1285110
2000,PA,0.06452114063893316,303170,4698770
2000,RI,0.03377820066604903,13490,399370
2000,SC,0.2867734719301301,428170,1493060
2000,SD,0.00372594414701201,1030,276440
2000,TN,0.13392221514481623,285940,2135120
2000,TX,0.09984838726989749,744190,7453200
2000,UT,0.005984113444930163,4490,750320
2000,VT,0.003574350803152319,830.0000000000001,232210
2000,VA,0.17728106969364643,470410.00000000006,2653470
2000,WA,0.026058512873928696,57040,2188920
2000,WV,0.028182924210978316,19690,698650
2000,WI,0.028890854029058825,58479.99999999999,2024170
2000,WY,0.005326376433501821,980.0000000000001,183990
2001,AL,0.21602673840384773,265000,1226700
2001,AK,0.030403371462974112,20200,664400
2001,AZ,0.0215333477852446,29800,1383900
2001,AR,0.11715713492504164,84400,720400
2001,CA,0.048910879140771135,405300,8286500
2001,CO,0.024792729591836735,31100,1254400
2001,CT,0.0560878243512974,56200,1002000
2001,DE,0.1290617251729088,98900,766300
2001,FL,0.09988972209969123,452900,4534000
2001,GA,0.21316686630424767,462700,2170600
2001,HI,0.011820059674087675,10300,871400
2001,ID,0.002776154295733489,1900,684400
2001,IL,0.09592522272528115,328400,3423500
2001,IN,0.05744503200667966,103200,1796500
2001,IA,0.008915586468542522,14100,1581500
2001,KS,0.025188092901537455,30800,1222800
2001,KY,0.04385032422663974,82500,1881400
2001,LA,0.23198365527488857,374700,1615200
2001,ME,0.0028761731759006964,1900,660600
2001,MD,0.18367463350636015,322000,1753100
2001,MA,0.03521681997371879,67000,1902500
2001,MI,0.09233092800805505,275100,2979500
2001,MN,0.0211536018295007,33300,1574200
2001,MS,0.29608549927275024,468200,1581300
2001,MO,0.0710421925712225,118200,1663800
2001,MT,7.926023778071334e-4,600,757000
2001,NE,0.029567328535506806,34100,1153300
2001,NV,0.044532130777903044,31600,709600
2001,NH,0.006828137078072662,5300,776200
2001,NJ,0.0899389610928871,216600,2408300
2001,NM,0.01564362336114422,10500,671200
2001,NY,0.10878873353761237,536100,4927900
2001,NC,0.1540120406146105,342800,2225800
2001,ND,0.002934898612593383,2200,749600
2001,OH,0.07711760944131155,265300,3440200
2001,OK,0.04672897196261682,43000,920200
2001,OR,0.010021829728120659,10100,1007800
2001,PA,0.0616821926659846,229100,3714200
2001,RI,0.02671614100185529,21600,808500
2001,SC,0.21099062672302885,229600,1088200
2001,SD,0.005573321151210599,6100,1094500
2001,TN,0.11649254182015822,192900,1655900
2001,TX,0.08351018675721562,393500,4712000
2001,UT,0.0027961362480935434,2200,786800
2001,VT,0.0031282586027111575,2100,671300
2001,VA,0.15459258906911477,325000,2102300
2001,WA,0.02324918798791954,40800,1754900
2001,WV,0.01847876092623831,24100,1304200
2001,WI,0.030845193145512633,53100,1721500
2001,WY,0.007931665649786455,5200,655600
2002,AL,0.2152802570510532,241200,1120400
2002,AK,0.02371675419278333,14000,590300
2002,AZ,0.02061695861106805,26600,1290200
2002,AR,0.12021693281108768,79800,663800
2002,CA,0.04673911586959143,348800,7462700
2002,CO,0.02376836646499568,27500,1157000
2002,CT,0.05898536370639375,53600,908700
2002,DE,0.13182700304962572,95100,721400
2002,FL,0.09749933813088162,405100,4154900
2002,GA,0.21542525639697505,415900,1930600
2002,HI,0.010858711932101847,8700,801200
2002,ID,0.001705955334987593,1100,644800
2002,IL,0.09658005349636989,303300,3140400
2002,IN,0.05893642047916796,95200,1615300
2002,IA,0.008685746831838245,12200,1404600
2002,KS,0.02599873176918199,28700,1103900
2002,KY,0.04186616839892561,71700,1712600
2002,LA,0.23512305837293426,331500,1409900
2002,ME,0.0034465780403741997,2100,609300
2002,MD,0.1970052661633145,310500,1576100
2002,MA,0.03436284333372627,58300,1696600
2002,MI,0.09173599556295063,248100,2704500
2002,MN,0.022158333917677582,31600,1426100
2002,MS,0.29298730766503583,413200,1410300
2002,MO,0.0726379027853632,106400,1464800
2002,MT,0.0017806796260572786,1200,673900
2002,NE,0.017086527929901424,15600,913000
2002,NV,0.046899590808939254,29800,635400
2002,NH,0.008540822235089751,5900,690800
2002,NJ,0.08544683205754865,185300,2168600
2002,NM,0.013362652232746955,7900,591200
2002,NY,0.10993199141905154,481700,4381800
2002,NC,0.15286907527306876,309300,2023300
2002,ND,0.0037064492216456633,2500,674500
2002,OH,0.07474293895613693,229700,3073200
2002,OK,0.050672908133411354,43300,854500
2002,OR,0.011983289357959543,10900,909600
2002,PA,0.062448644207066556,212800,3407600
2002,RI,0.02924134213717828,21700,742100
2002,SC,0.21309699655342196,216400,1015500
2002,SD,0.004035919685198264,4000,991100
2002,TN,0.10885906040268456,162200,1490000
2002,TX,0.08061693538978464,345500,4285700
2002,UT,0.0063044936284372905,4700,745500
2002,VT,0.003730183400683867,2400,643400
2002,VA,0.15808414924583222,298700,1889500
2002,WA,0.022946479228393116,36400,1586300
2002,WV,0.01622681883024251,18200,1121600
2002,WI,0.030667920978363124,48900,1594500
2002,WY,0.006877353856230555,4200,610700
2003,AL,0.21457687917821622,263200,1226600
2003,AK,0.030148492575371232,20100,666700
2003,AZ,0.0222887789928258,32000,1435700
2003,AR,0.12149659863945578,89300,735000
2003,CA,0.046367815281157784,394400,8505900
2003,CO,0.02873015873015873,36200,1260000
2003,CT,0.06507290943358794,65600,1008100
2003,DE,0.13935467479674796,109700,787200
2003,FL,0.10035979647016244,471400,4697100
2003,GA,0.21553615401835685,481400,2233500
2003,HI,0.010160172125268947,8500,836600
2003,ID,0.0026745495495495496,1900,710400
2003,IL,0.09892367339853017,341900,3456200
2003,IN,0.05698846860899114,102300,1795100
2003,IA,0.009427261574223543,14600,1548700
2003,KS,0.024719101123595506,29700,1201500
2003,KY,0.043201358666808194,81400,1884200
2003,LA,0.22870069457720002,358900,1569300
2003,ME,0.0038353739489600234,2600,677900
2003,MD,0.19622960045019697,348700,1777000
2003,MA,0.039192715267053625,73600,1877900
2003,MI,0.094132110579479,283300,3009600
2003,MN,0.02472972098142034,38200,1544700
2003,MS,0.2961937270560958,459900,1552700
2003,MO,0.07766164316966456,127800,1645600
2003,MT,0.0018913807079167792,1400,740200
2003,NE,0.02084197428452924,20100,964400
2003,NV,0.05246488570641696,38100,726200
2003,NH,0.005847953216374269,4600,786600
2003,NJ,0.0969749423013518,235300,2426400
2003,NM,0.01564362336114422,10500,671200
2003,NY,0.11056328107705621,549400,4969100
2003,NC,0.15831250274086742,361000,2280300
2003,ND,0.004812981298129813,3500,727200
2003,OH,0.08171397222302429,283000,3463300
2003,OK,0.0542733691642955,51500,948900
2003,OR,0.00904431715405487,9000,995100
2003,PA,0.0633874100621016,231700,3655300
2003,RI,0.03216833958156972,26600,826900
2003,SC,0.21848664156356465,243700,1115400
2003,SD,0.00562429696287964,6000,1066800
2003,TN,0.10580529919618935,177700,1679500
2003,TX,0.08723248773358389,417800,4789500
2003,UT,0.005809731299927378,4800,826200
2003,VT,0.002273696177348302,1600,703700
2003,VA,0.14709225232051526,310600,2111600
2003,WA,0.02191335537745895,39100,1784300
2003,WV,0.019872751551331395,25300,1273100
2003,WI,0.031217897500285356,54700,1752200
2003,WY,0.008545811151583076,6100,713800
2005,AL,0.2009285530049007,701100,3489300
2005,AK,0.01680672268907563,7200,428400
2005,AZ,0.024329109848920366,105800,4348700
2005,AR,0.11315145994150645,236000,2085700
2005,CA,0.048393724769755134,1201200,24821400
2005,CO,0.02420605294894619,84300,3482600
2005,CT,0.06293950813939936,162000,2573900
2005,DE,0.14262214179963809,86700,607900
2005,FL,0.10454242534987208,1458900,13955100
2005,GA,0.22694491330366734,1479000,6517000
2005,HI,0.00904977375565611,8800,972400
2005,ID,0.0026056745801968733,2700,1036200
2005,IL,0.09268616009822778,853000,9203100
2005,IN,0.0550582671845972,260800,4736800
2005,IA,0.009961310979677146,22400,2248700
2005,KS,0.0327517301881275,67200,2051800
2005,KY,0.0532943910558382,169700,3184200
2005,LA,0.23099751680697717,762800,3302200
2005,ME,0.0032633081786661226,3200,980600
2005,MD,0.2165459582948525,891000,4114600
2005,MA,0.04120936443684013,197500,4792600
2005,MI,0.0787554046526433,593800,7539800
2005,MN,0.014892616397554476,57000,3827400
2005,MS,0.29982480231071545,633200,2111900
2005,MO,0.07342130496324369,321600,4380200
2005,MT,0.0019394301059227211,1300,670300
2005,NE,0.02063919907585676,26800,1298500
2005,NV,0.054579145375933516,97200,1780900
2005,NH,0.006485484867201977,6300,971400
2005,NJ,0.09767925181849671,620400,6351400
2005,NM,0.014023105427595727,19300,1376300
2005,NY,0.1079299929183588,1493600,13838600
2005,NC,0.17038759927162553,1113500,6535100
2005,ND,0.0030084235860409147,1500,498600
2005,OH,0.07817642050031068,679400,8690600
2005,OK,0.04575662669009243,119800,2618200
2005,OR,0.010976505139500735,29900,2724000
2005,PA,0.05231104557984486,489600,9359400
2005,RI,0.031977487848554614,25000,781800
2005,SC,0.21964958142719324,705800,3213300
2005,SD,0.0041892127770989706,2400,572900
2005,TN,0.11799539423182366,538000,4559500
2005,TX,0.0894821546909022,1417800,15844500
2005,UT,0.005945588853522311,9900,1665100
2005,VT,0.002836569932358717,1300,458300
2005,VA,0.14894487013102456,837800,5624900
2005,WA,0.0208959711365003,97300,4656400
2005,WV,0.02762898223851142,39200,1418800
2005,WI,0.021259179568735676,90900,4275800
2005,WY,0.0033522434244455906,1300,387800
2006,AL,0.21139488111965177,767300,3629700
2006,AK,0.016389811738648948,7400,451500
2006,AZ,0.026987696785289058,122400,4535400
2006,AR,0.11744180707956475,255800,2178100
2006,CA,0.05169380353422332,1339800,25918000
2006,CO,0.02511786925473545,91100,3626900
2006,CT,0.06794308276838262,182400,2684600
2006,DE,0.14229311433986103,90100,633200
2006,FL,0.11481261964615395,1685300,14678700
2006,GA,0.24833584163000694,1716100,6910400
2006,HI,0.013169620754530152,13300,1009900
2006,ID,0.0026564074379408264,2900,1091700
2006,IL,0.10229714786454965,980600,9585800
2006,IN,0.05933629305276815,292700,4932900
2006,IA,0.011679573441665609,27600,2363100
2006,KS,0.03486521901909397,74500,2136800
2006,KY,0.05844155844155844,192600,3295600
2006,LA,0.23883544626361725,749800,3139400
2006,ME,0.004973639709539441,5000,1005300
2006,MD,0.2281183932346723,971100,4257000
2006,MA,0.045303889465697626,226900,5008400
2006,MI,0.08613970350229819,665300,7723500
2006,MN,0.01919830692096445,76200,3969100
2006,MS,0.3114739020464475,677300,2174500
2006,MO,0.07554824561403509,344500,4560000
2006,MT,0.00370264881800057,2600,702200
2006,NE,0.02265038976320047,30800,1359800
2006,NV,0.059492332099418295,112500,1891000
2006,NH,0.005204163330664532,5200,999200
2006,NJ,0.1046161336457414,687600,6572600
2006,NM,0.01671250264438333,23700,1418100
2006,NY,0.11615811373092927,1675000,14420000
2006,NC,0.17956449882571254,1238600,6897800
2006,ND,0.002872462657985446,1500,522200
2006,OH,0.08311251642209802,746500,8981800
2006,OK,0.052415210688591986,142800,2724400
2006,OR,0.01139000210925965,32400,2844600
2006,PA,0.061099230990664964,594300,9726800
2006,RI,0.03494396915290999,29000,829900
2006,SC,0.22451445580737378,761800,3393100
2006,SD,0.003934426229508197,2400,610000
2006,TN,0.12475113313847587,589000,4721400
2006,TX,0.09761074534422431,1626400,16662100
2006,UT,0.006272810218978102,11000,1753600
2006,VT,0.00390223865270076,1900,486900
2006,VA,0.16211633033745973,956000,5897000
2006,WA,0.024801055539520885,120300,4850600
2006,WV,0.028658536585365855,42300,1476000
2006,WI,0.02667386366192115,118600,4446300
2006,WY,0.0048449612403100775,2000,412800
2007,AL,0.21198985850985524,777600,3668100
2007,AK,0.01968073474743057,9000,457300
2007,AZ,0.028089399078180713,129200,4599600
2007,AR,0.11935336976320583,262100,2196000
2007,CA,0.05235864389926764,1369100,26148500
2007,CO,0.028448416807455447,104400,3669800
2007,CT,0.06907482491706597,187400,2713000
2007,DE,0.15163498098859315,99700,657500
2007,FL,0.11554942752477121,1709600,14795400
2007,GA,0.24807911212293682,1743500,7028000
2007,HI,0.01240719030871434,12700,1023600
2007,ID,0.0030625112592325707,3400,1110200
2007,IL,0.10125825082508251,981800,9696000
2007,IN,0.06032877480327573,301300,4994300
2007,IA,0.011728109630501492,27900,2378900
2007,KS,0.0363107524863952,77400,2131600
2007,KY,0.056396772146160123,186600,3308700
2007,LA,0.23989687199080545,772300,3219300
2007,ME,0.004182850313713774,4200,1004100
2007,MD,0.23101821881069085,999200,4325200
2007,MA,0.04237135480255389,211700,4996300
2007,MI,0.08399112624464737,651200,7753200
2007,MN,0.01876027704419752,75300,4013800
2007,MS,0.3144668326918723,694500,2208500
2007,MO,0.07683466342817488,354300,4611200
2007,MT,0.003153217715350437,2200,697700
2007,NE,0.020029455081001474,27200,1358000
2007,NV,0.061956912951822714,120500,1944900
2007,NH,0.006031128404669261,6200,1028000
2007,NJ,0.10446230640466891,692700,6631100
2007,NM,0.013780918727915195,19500,1415000
2007,NY,0.11652206298191649,1689500,14499400
2007,NC,0.17244151119008336,1222800,7091100
2007,ND,0.0034123222748815166,1800,527500
2007,OH,0.08327697271406873,751100,9019300
2007,OK,0.04860236716192395,135100,2779700
2007,OR,0.011659379554445138,33600,2881800
2007,PA,0.061227595021454,603600,9858300
2007,RI,0.040252182347235696,33200,824800
2007,SC,0.21904954382723177,758700,3463600
2007,SD,0.004055807916937054,2500,616400
2007,TN,0.11933710859427049,573200,4803200
2007,TX,0.09593185162602817,1636300,17056900
2007,UT,0.00598702810577083,10800,1803900
2007,VT,0.0035001029442042414,1700,485700
2007,VA,0.1603351582320737,960600,5991200
2007,WA,0.023280766038423387,115000,4939700
2007,WV,0.030004082188052797,44100,1469800
2007,WI,0.02726727260605791,122700,4499900
2007,WY,0.0036656891495601175,1500,409200
2008,AL,0.21453079897609062,787800,3672200
2008,AK,0.020210896309314587,9200,455200
2008,AZ,0.0294821232301028,136800,4640100
2008,AR,0.12316044508255564,274500,2228800
2008,CA,0.05299872751240104,1391100,26247800
2008,CO,0.028368604339673184,105900,3733000
2008,CT,0.0710522410210745,191500,2695200
2008,DE,0.14738124238733252,96800,656800
2008,FL,0.11665753165113714,1724000,14778300
2008,GA,0.2544661637266175,1814700,7131400
2008,HI,0.014494154024543434,15000,1034900
2008,ID,0.004785961180537091,5400,1128300
2008,IL,0.10288010578293837,995900,9680200
2008,IN,0.061970307146721165,309300,4991100
2008,IA,0.013096942642971447,31100,2374600
2008,KS,0.036657982880535914,78800,2149600
2008,KY,0.05954611701020196,200200,3362100
2008,LA,0.24820100012196608,814000,3279600
2008,ME,0.004970673029128144,5000,1005900
2008,MD,0.2303522410094346,998600,4335100
2008,MA,0.049990143899073525,253600,5073000
2008,MI,0.08610732593601973,663500,7705500
2008,MN,0.02002568028050768,81100,4049800
2008,MS,0.3151186440677966,697200,2212500
2008,MO,0.07527137997529955,347400,4615300
2008,MT,0.0018444948921679909,1300,704800
2008,NE,0.023153575615474795,31600,1364800
2008,NV,0.06323648923201951,124500,1968800
2008,NH,0.004992169146436962,5100,1021600
2008,NJ,0.10909473620904812,725600,6651100
2008,NM,0.015949971894322654,22700,1423200
2008,NY,0.11897070825532031,1734700,14580900
2008,NC,0.17919588917436288,1290300,7200500
2008,ND,0.006110368531602062,3200,523700
2008,OH,0.08596828074536919,774600,9010300
2008,OK,0.05087537145107587,142100,2793100
2008,OR,0.01223325658912065,35600,2910100
2008,PA,0.06056921689615692,597800,9869700
2008,RI,0.038366641993585,31100,810600
2008,SC,0.22546592687437758,792400,3514500
2008,SD,0.004720820446036138,2900,614300
2008,TN,0.12384973254360257,604300,4879300
2008,TX,0.09828554879814654,1696900,17265000
2008,UT,0.008293581960104076,15300,1844800
2008,VT,0.003336113427856547,1600,479600
2008,VA,0.1597904280130079,972900,6088600
2008,WA,0.02498409922086182,125700,5031200
2008,WV,0.028115190391701926,41200,1465400
2008,WI,0.028100495368416377,126500,4501700
2008,WY,0.008563273073263558,3600,420400
2009,AL,0.2130938123752495,800700,3757500
2009,AK,0.02763272410791993,12700,459600
2009,AZ,0.031983032873807,150800,4715000
2009,AR,0.12362001424501425,277700,2246400
2009,CA,0.05351402552264743,1435000,26815400
2009,CO,0.030210284689058335,114500,3790100
2009,CT,0.07187912571512395,196000,2726800
2009,DE,0.1477306883077848,98300,665400
2009,FL,0.12171444639342287,1818000,14936600
2009,GA,0.25356291243830753,1829000,7213200
2009,HI,0.008795989785302185,9300,1057300
2009,ID,0.004468980021030494,5100,1141200
2009,IL,0.10308366419123244,1002200,9722200
2009,IN,0.06301663131603465,317900,5044700
2009,IA,0.013173253293313323,31600,2398800
2009,KS,0.03563011229724109,77100,2163900
2009,KY,0.06058203388835051,206300,3405300
2009,LA,0.25551175354066286,875000,3424500
2009,ME,0.005853174603174603,5900,1008000
2009,MD,0.23410806742239354,1026400,4384300
2009,MA,0.04810714773814405,246400,5121900
2009,MI,0.0854983528195853,661800,7740500
2009,MN,0.02124996932741148,86600,4075300
2009,MS,0.32137906363189195,718700,2236300
2009,MO,0.0796272038138596,370800,4656700
2009,MT,0.0018390154194369783,1300,706900
2009,NE,0.023421735370423753,32500,1387600
2009,NV,0.06400714498362609,129000,2015400
2009,NH,0.008207132388861749,8400,1023500
2009,NJ,0.10651747329948022,711100,6675900
2009,NM,0.014222590444628556,20600,1448400
2009,NY,0.11862614871641954,1750400,14755600
2009,NC,0.1850417853880656,1357300,7335100
2009,ND,0.005597014925373134,3000,536000
2009,OH,0.08744820916354365,795700,9099100
2009,OK,0.05168776371308017,147000,2844000
2009,OR,0.012339851652056642,36600,2966000
2009,PA,0.06279008758122452,622300,9910800
2009,RI,0.047111541722175125,38900,825700
2009,SC,0.22645827518838962,811400,3583000
2009,SD,0.00624899855792341,3900,624100
2009,TN,0.12662133360397848,623800,4926500
2009,TX,0.09771679162540671,1726900,17672500
2009,UT,0.005531914893617021,10400,1880000
2009,VT,0.004698672114402451,2300,489500
2009,VA,0.1620757180156658,993200,6128000
2009,WA,0.023644898038681028,121400,5134300
2009,WV,0.028220609185265585,41600,1474100
2009,WI,0.02902034483512161,132800,4576100
2009,WY,0.005860290670417253,2500,426600
2010,AL,0.22410815478439203,830500,3705800
2010,AK,0.025049701789264415,12600,503000
2010,AZ,0.034488428495087764,167800,4865400
2010,AR,0.13083527097120373,292600,2236400
2010,CA,0.05304110821982935,1461500,27554100
2010,CO,0.03163485822896868,121500,3840700
2010,CT,0.07519468457526612,210500,2799400
2010,DE,0.15595923792645103,105600,677100
2010,FL,0.1276713996480038,1929600,15113800
2010,GA,0.26190672833388395,1902700,7264800
2010,HI,0.011959263757824908,12800,1070300
2010,ID,0.003853399554718274,4500,1167800
2010,IL,0.10351400375073017,1010100,9758100
2010,IN,0.0650585666071074,327700,5037000
2010,IA,0.014235323759133283,33900,2381400
2010,KS,0.03782309150598789,81800,2162700
2010,KY,0.06457781700500147,219500,3399000
2010,LA,0.2608226999941735,895300,3432600
2010,ME,0.006884023329190171,7200,1045900
2010,MD,0.23904800142755175,1071700,4483200
2010,MA,0.05056330987810974,263000,5201400
2010,MI,0.08779632395921283,675900,7698500
2010,MN,0.021905247070809986,90300,4122300
2010,MS,0.3348385942949119,748900,2236600
2010,MO,0.08094592303780301,382000,4719200
2010,MT,0.002599090318388564,2000,769500
2010,NE,0.02510249586420197,34900,1390300
2010,NV,0.06254871395167576,128400,2052800
2010,NH,0.008010555084346433,8500,1061100
2010,NJ,0.11026969576192375,747000,6774300
2010,NM,0.016637478108581436,24700,1484600
2010,NY,0.12005303547752019,1792800,14933400
2010,NC,0.18799205952654252,1392100,7405100
2010,ND,0.00594906116378509,3200,537900
2010,OH,0.09023530574374403,821800,9107300
2010,OK,0.052784283566959134,151000,2860700
2010,OR,0.013497866146160718,40800,3022700
2010,PA,0.06450608604828667,642300,9957200
2010,RI,0.043864920081720944,36500,832100
2010,SC,0.23927949499346973,879400,3675200
2010,SD,0.0047831632653061226,3000,627200
2010,TN,0.1319553567831097,655000,4963800
2010,TX,0.09967580636298698,1814000,18199000
2010,UT,0.00733963922055099,14200,1934700
2010,VT,0.007747433662599264,4000,516300
2010,VA,0.1682698515171078,1042600,6196000
2010,WA,0.025239970935791042,132000,5229800
2010,WV,0.028254357298474947,41500,1468800
2010,WI,0.029927441942526962,135700,4534300
2010,WY,0.005946935041171089,2600,437200
2011,AL,0.24416069760199316,940800,3853200
2011,AK,0.017669247567996822,8900,503700
2011,AZ,0.035148504936812805,175500,4993100
2011,AR,0.14301865460712268,328900,2299700
2011,CA,0.056180130662908674,1598600,28454900
2011,CO,0.03244236383771267,128900,3973200
2011,CT,0.07965673552718087,230200,2889900
2011,DE,0.16396194739787354,117200,714800
2011,FL,0.1415413630961608,2191400,15482400
2011,GA,0.28169455924274045,2065300,7331700
2011,HI,0.014410750596764213,16300,1131100
2011,ID,0.0046856363946157775,5500,1173800
2011,IL,0.1177498711873996,1165500,9898100
2011,IN,0.07147866744593805,366900,5133000
2011,IA,0.01733165563989122,42700,2463700
2011,KS,0.03917433251065739,87300,2228500
2011,KY,0.0676765068709298,235900,3485700
2011,LA,0.2932343803935105,1019400,3476400
2011,ME,0.0077020659659296845,8500,1103600
2011,MD,0.2503628604233011,1155700,4616100
2011,MA,0.0550437085131851,303500,5513800
2011,MI,0.10010827335838482,785900,7850500
2011,MN,0.024315752378714906,103500,4256500
2011,MS,0.3575776152734597,816600,2283700
2011,MO,0.09135984592374044,445900,4880700
2011,MT,0.0029236049319944072,2300,786700
2011,NE,0.027369733924611974,39500,1443200
2011,NV,0.06630541871921182,134600,2030000
2011,NH,0.006494100429891155,7100,1093300
2011,NJ,0.12140760759015488,835600,6882600
2011,NM,0.017015964785493727,25900,1522100
2011,NY,0.13265783520152788,2069900,15603300
2011,NC,0.20850133080348907,1582400,7589400
2011,ND,0.005960982658959537,3300,553600
2011,OH,0.10258473621527665,956100,9320100
2011,OK,0.05780486125456173,167900,2904600
2011,OR,0.01529777749270389,47700,3118100
2011,PA,0.07221513851860438,747600,10352400
2011,RI,0.04537602211217321,39400,868300
2011,SC,0.2687035069075452,1011400,3764000
2011,SD,0.0057856272838002435,3800,656800
2011,TN,0.13985986302996714,706600,5052200
2011,TX,0.10489247311827957,1951000,18600000
2011,UT,0.0070863715723528805,13800,1947400
2011,VT,0.006928838951310861,3700,534000
2011,VA,0.18256906421105026,1173700,6428800
2011,WA,0.02584154426577781,141100,5460200
2011,WV,0.031938399732172745,47700,1493500
2011,WI,0.03568385172560716,167500,4694000
2011,WY,0.005366726296958855,2400,447200
2012,AL,0.24101875263379688,915100,3796800
2012,AK,0.016808424463345482,8300,493800
2012,AZ,0.03512156708337435,178400,5079500
2012,AR,0.13419988697126461,308700,2300300
2012,CA,0.0558887006404353,1590000,28449400
2012,CO,0.0336845266398058,134600,3995900
2012,CT,0.0813864552913364,234100,2876400
2012,DE,0.16440101954120645,116100,706200
2012,FL,0.1351754799769947,2091800,15474700
2012,GA,0.2699440050489452,2010300,7447100
2012,HI,0.014351934391157069,16100,1121800
2012,ID,0.003030565416919214,3500,1154900
2012,IL,0.11676664727243545,1164000,9968600
2012,IN,0.07343517066465315,379300,5165100
2012,IA,0.017060579172380415,42300,2479400
2012,KS,0.04020613976631569,90500,2250900
2012,KY,0.06470888083371092,228500,3531200
2012,LA,0.2872032757781405,1003000,3492300
2012,ME,0.007947509472322336,8600,1082100
2012,MD,0.2519637331486811,1164400,4621300
2012,MA,0.05765621298540372,316400,5487700
2012,MI,0.09783708332799754,764000,7808900
2012,MN,0.023672259218297763,100600,4249700
2012,MS,0.35431969220007,810400,2287200
2012,MO,0.0896560236998025,435800,4860800
2012,MT,0.0018858436007040482,1500,795400
2012,NE,0.02903848806731963,42100,1449800
2012,NV,0.06968085106382979,144100,2068000
2012,NH,0.008775137111517367,9600,1094000
2012,NJ,0.12065220539256856,833200,6905800
2012,NM,0.015619894124567022,23900,1530100
2012,NY,0.13110515104073095,2043300,15585200
2012,NC,0.1946914191849399,1493400,7670600
2012,ND,0.007681314755269739,4300,559800
2012,OH,0.1019926614640271,942300,9238900
2012,OK,0.0565984474241355,160400,2834000
2012,OR,0.01417500807232806,43900,3097000
2012,PA,0.07211203897007655,746100,10346400
2012,RI,0.048024523160762944,42300,880800
2012,SC,0.24653607262302915,928800,3767400
2012,SD,0.008838579624748023,5700,644900
2012,TN,0.14053045186640473,715300,5090000
2012,TX,0.10456716117303483,1972900,18867300
2012,UT,0.008777749425873947,17200,1959500
2012,VT,0.005232666791253972,2800,535100
2012,VA,0.1701916013712047,1112100,6534400
2012,WA,0.026232407339179132,142400,5428400
2012,WV,0.033501174890902985,49900,1489500
2012,WI,0.03621447280126415,167300,4619700
2012,WY,0.005383580080753701,2400,445800
2013,AL,0.23243385546926418,882900,3798500
2013,AK,0.02197346600331675,10600,482400
2013,AZ,0.03479860648999883,177800,5109400
2013,AR,0.13276884724490673,308900,2326600
2013,CA,0.054660228166934166,1576800,28847300
2013,CO,0.03173549655850541,129100,4068000
2013,CT,0.07544553082310519,217600,2884200
2013,DE,0.15462326364529255,110200,712700
2013,FL,0.13097954265791634,2043700,15603200
2013,GA,0.2662448219001783,1986000,7459300
2013,HI,0.01805213103205354,20500,1135600
2013,ID,0.003548795944233207,4200,1183500
2013,IL,0.11393692777212615,1142400,10026600
2013,IN,0.0706132714258077,365000,5169000
2013,IA,0.017298815974312664,43100,2491500
2013,KS,0.04361135758651287,98300,2254000
2013,KY,0.06409024086848354,226700,3537200
2013,LA,0.2829305868591481,991700,3505100
2013,ME,0.007318880859736891,7900,1079400
2013,MD,0.2545816562473238,1189100,4670800
2013,MA,0.05719048999710061,315600,5518400
2013,MI,0.0933051516463368,732800,7853800
2013,MN,0.023915175860619364,102400,4281800
2013,MS,0.3436548664869096,790200,2299400
2013,MO,0.08840472369666297,429700,4860600
2013,MT,0.002257336343115124,1800,797400
2013,NE,0.025825162270404642,37400,1448200
2013,NV,0.06928417524539143,144700,2088500
2013,NH,0.006940005478951694,7600,1095100
2013,NJ,0.11473071492378181,796300,6940600
2013,NM,0.018127490039840637,27300,1506000
2013,NY,0.1277553604430319,1997800,15637700
2013,NC,0.1891586893921706,1458300,7709400
2013,ND,0.007538118896693507,4400,583700
2013,OH,0.09654146284026076,901900,9342100
2013,OK,0.05681337283114685,161100,2835600
2013,OR,0.013521270489189361,42400,3135800
2013,PA,0.06900855230060757,713300,10336400
2013,RI,0.050695482239337855,44100,869900
2013,SC,0.23131993424192607,872400,3771400
2013,SD,0.0075838010010617326,5000,659300
2013,TN,0.13329579433808394,686500,5150200
2013,TX,0.10165646980480293,1954000,19221600
2013,UT,0.005868485730049657,11700,1993700
2013,VT,0.007874015748031496,4100,520700
2013,VA,0.16459688847577977,1080200,6562700
2013,WA,0.02716643110189247,148000,5447900
2013,WV,0.03195298250354658,47300,1480300
2013,WI,0.035309389874513195,163200,4622000
2013,WY,0.006527121314427189,2900,444300
2014,AL,0.23216852669820442,888300,3826100
2014,AK,0.01534056044180814,7500,488900
2014,AZ,0.03487986905434634,179000,5131900
2014,AR,0.13391476198659563,311700,2327600
2014,CA,0.0530986845726237,1543600,29070400
2014,CO,0.03144501371925309,129500,4118300
2014,CT,0.08289149946286863,239200,2885700
2014,DE,0.16332734558518724,118200,723700
2014,FL,0.13090839960711004,2065800,15780500
2014,GA,0.2633394359096819,1985000,7537800
2014,HI,0.015973876974671255,18100,1133100
2014,ID,0.0049036476256022025,5700,1162400
2014,IL,0.11186253882376515,1116500,9981000
2014,IN,0.0687504796991327,358300,5211600
2014,IA,0.016398700934204723,40900,2494100
2014,KS,0.0401987555396392,89800,2233900
2014,KY,0.06245405711054566,220900,3537000
2014,LA,0.2795838376851692,970100,3469800
2014,ME,0.008967772069126577,9600,1070500
2014,MD,0.25458375427208046,1184400,4652300
2014,MA,0.05724222882399826,316000,5520400
2014,MI,0.09766936977204521,764800,7830500
2014,MN,0.024416584495468845,104000,4259400
2014,MS,0.35255736556314593,805100,2283600
2014,MO,0.0861553065478033,417500,4845900
2014,MT,0.0047381226789601745,3700,780900
2014,NE,0.02752169197396963,40600,1475200
2014,NV,0.07038962277647956,147600,2096900
2014,NH,0.009460565814609297,10400,1099300
2014,NJ,0.11777496184085476,817900,6944600
2014,NM,0.015184669451627875,22900,1508100
2014,NY,0.12853693190868487,2017400,15695100
2014,NC,0.19054540776948803,1481300,7774000
2014,ND,0.007321131447587354,4400,601000
2014,OH,0.09780192640158064,910800,9312700
2014,OK,0.05726872246696035,163800,2860200
2014,OR,0.014162953532781668,44500,3142000
2014,PA,0.07057277575944965,730400,10349600
2014,RI,0.04764080886553182,41700,875300
2014,SC,0.23577448568287704,900800,3820600
2014,SD,0.007989146819415134,5300,663400
2014,TN,0.1357555898226677,704300,5188000
2014,TX,0.10303817297386429,1999600,19406400
2014,UT,0.007630922693266833,15300,2005000
2014,VT,0.0069124423963133645,3600,520800
2014,VA,0.16771628450460568,1105200,6589700
2014,WA,0.02619992782389029,145200,5542000
2014,WV,0.03247713824636902,48300,1487200
2014,WI,0.0344219646965234,160100,4651100
2014,WY,0.006961598922075006,3100,445300
2015,AL,0.2308054516441259,882300,3822700
2015,AK,0.021748050882232254,10600,487400
2015,AZ,0.03391232423490488,176300,5198700
2015,AR,0.1286117285005984,300900,2339600
2015,CA,0.053050262789781755,1562500,29453200
2015,CO,0.02879119832349019,120900,4199200
2015,CT,0.07921653214583912,227700,2874400
2015,DE,0.16330174426589755,118900,728100
2015,FL,0.1274017255510439,2036300,15983300
2015,GA,0.26152456741970104,1998100,7640200
2015,HI,0.01738050900062073,19600,1127700
2015,ID,0.00353386621792175,4200,1188500
2015,IL,0.10769971705496358,1073400,9966600
2015,IN,0.07025607353906763,363800,5178200
2015,IA,0.01916882083913303,48200,2514500
2015,KS,0.03915810083210964,88000,2247300
2015,KY,0.0629732173126907,222900,3539600
2015,LA,0.27849874228218613,974300,3498400
2015,ME,0.007367839381101492,8000,1085800
2015,MD,0.2529430548163917,1188200,4697500
2015,MA,0.056282161234991426,315000,5596800
2015,MI,0.09520767589528689,745200,7827100
2015,MN,0.023544709406273946,101400,4306700
2015,MS,0.3487510766580534,809800,2322000
2015,MO,0.08695473757642908,423800,4873800
2015,MT,0.0045662100456621,3600,788400
2015,NE,0.02847457627118644,42000,1475000
2015,NV,0.07079186907513088,150100,2120300
2015,NH,0.011128200488555144,12300,1105300
2015,NJ,0.11261934890141494,783200,6954400
2015,NM,0.01468123617349333,21900,1491700
2015,NY,0.12870618658479882,2020700,15700100
2015,NC,0.18511030352664176,1446600,7814800
2015,ND,0.008872822872165627,5400,608600
2015,OH,0.09522690870261612,891800,9365000
2015,OK,0.05888321321111189,168300,2858200
2015,OR,0.013803585830386501,44500,3223800
2015,PA,0.06918656694868759,718800,10389300
2015,RI,0.046146746654360866,40000,866800
2015,SC,0.22693831352574986,882200,3887400
2015,SD,0.007663410969196093,5100,665500
2015,TN,0.13119220290856068,683800,5212200
2015,TX,0.10035285031372886,1988000,19810100
2015,UT,0.007673004536241676,15900,2072200
2015,VT,0.008209240168003054,4300,523800
2015,VA,0.16261730105891037,1079600,6638900
2015,WA,0.027071471513951267,153100,5655400
2015,WV,0.0303792306646731,44700,1471400
2015,WI,0.03318013916330212,154500,4656400
2015,WY,0.006427304964539007,2900,451200
2016,AL,0.2264215096510959,865700,3823400
2016,AK,0.016191054442420562,8000,494100
2016,AZ,0.035892453429494965,192100,5352100
2016,AR,0.1297886961003264,302200,2328400
2016,CA,0.0518078590831632,1535300,29634500
2016,CO,0.031172882618615262,133900,4295400
2016,CT,0.08344563076604125,241500,2894100
2016,DE,0.16500205226433165,120600,730900
2016,FL,0.12547685519009497,2036000,16226100
2016,GA,0.2605152505304815,2001200,7681700
2016,HI,0.014922752808988764,17000,1139200
2016,ID,0.004422563417890521,5300,1198400
2016,IL,0.10798197135804444,1080500,10006300
2016,IN,0.06447403768661013,336000,5211400
2016,IA,0.018669314796425026,47000,2517500
2016,KS,0.039735099337748346,88800,2234800
2016,KY,0.06448598130841121,227700,3531000
2016,LA,0.27530725613792706,956500,3474300
2016,ME,0.007648368670732888,7900,1032900
2016,MD,0.2505018065034123,1185600,4732900
2016,MA,0.05853849021104386,329800,5633900
2016,MI,0.09097015398263734,717800,7890500
2016,MN,0.026169856289968613,110900,4237700
2016,MS,0.3424645506826463,780100,2277900
2016,MO,0.08496023877179712,415600,4891700
2016,MT,0.002755165936130244,2200,798500
2016,NE,0.027985836851423123,41100,1468600
2016,NV,0.07267077864861105,156700,2156300
2016,NH,0.010215150967275356,11300,1106200
2016,NJ,0.10932531403329544,759800,6949900
2016,NM,0.017772432685240862,26600,1496700
2016,NY,0.12891758652591026,2034500,15781400
2016,NC,0.18483627776585132,1463700,7918900
2016,ND,0.009759271307742356,6000,614800
2016,OH,0.09595187982777593,898100,9359900
2016,OK,0.05520132454997006,156700,2838700
2016,OR,0.014396013411670613,46800,3250900
2016,PA,0.06735312992240826,692700,10284600
2016,RI,0.047874824848201776,41000,856400
2016,SC,0.22572158365261813,883700,3915000
2016,SD,0.011511663132384126,7600,660200
2016,TN,0.1298651839439409,682000,5251600
2016,TX,0.10029174874697654,2011000,20051500
2016,UT,0.006870884626395649,14400,2095800
2016,VT,0.008298755186721992,4400,530200
2016,VA,0.15859911881024347,1054700,6650100
2016,WA,0.027214207211764912,156000,5732300
2016,WV,0.032621385893825974,47500,1456100
2016,WI,0.033013205282112844,154000,4664800
2016,WY,0.006677053193857111,3000,449300
2017,AL,0.22017726798748696,844600,3836000
2017,AK,0.017414464249129277,8500,488100
2017,AZ,0.0343974446557486,186300,5416100
2017,AR,0.12502641700832665,295800,2365900
2017,CA,0.05105135327348604,1521800,29809200
2017,CO,0.029859270766700172,130700,4377200
2017,CT,0.08154195948739149,236700,2902800
2017,DE,0.15913448370309505,116200,730200
2017,FL,0.12146745073263189,1999500,16461200
2017,GA,0.2545980969873218,1996100,7840200
2017,HI,0.01354539893384602,15500,1144300
2017,ID,0.0037790463938248775,4700,1243700
2017,IL,0.10476865626934521,1049300,10015400
2017,IN,0.06720450567014233,353200,5255600
2017,IA,0.01859569114640667,47300,2543600
2017,KS,0.0412136092599088,94000,2280800
2017,KY,0.05869175627240143,209600,3571200
2017,LA,0.2694521607147971,940900,3491900
2017,ME,0.009864955464036013,10300,1044100
2017,MD,0.2433548169678588,1155400,4747800
2017,MA,0.058170038204897974,330400,5679900
2017,MI,0.09079338676344574,720500,7935600
2017,MN,0.02766090978824295,119000,4302100
2017,MS,0.34050760531276025,776800,2281300
2017,MO,0.07950682013681236,388200,4882600
2017,MT,0.004686151190035763,3800,810900
2017,NE,0.027155374222460036,40600,1495100
2017,NV,0.07262894431036024,162500,2237400
2017,NH,0.009625574002119393,10900,1132400
2017,NJ,0.10326784339445094,724300,7013800
2017,NM,0.016374891832523462,24600,1502300
2017,NY,0.12454069070017046,1972600,15839000
2017,NC,0.17834623278356124,1442500,8088200
2017,ND,0.01179512037485862,7300,618900
2017,OH,0.09087548843594889,860500,9469000
2017,OK,0.0543188202247191,154700,2848000
2017,OR,0.014225690276110444,47400,3332000
2017,PA,0.06700896100750788,691700,10322500
2017,RI,0.04396492037849065,38100,866600
2017,SC,0.21852707726313675,870000,3981200
2017,SD,0.009315392577258613,6300,676300
2017,TN,0.1256858323938369,668900,5322000
2017,TX,0.09788428600173733,1994500,20376100
2017,UT,0.008602544156676124,18800,2185400
2017,VT,0.007818459191456904,4100,524400
2017,VA,0.1532676812891674,1027200,6702000
2017,WA,0.026679507975128414,157900,5918400
2017,WV,0.03368000551002135,48900,1451900
2017,WI,0.032152426317356354,151200,4702600
2017,WY,0.006492052831878218,2900,446700
2018,AL,0.21006700950599969,808800,3850200
2018,AK,0.01854806541683287,9300,501400
2018,AZ,0.037580367653717285,207500,5521500
2018,AR,0.11639701567608349,277700,2385800
2018,CA,0.04943906001062135,1489500,30128000
2018,CO,0.027361327815842437,121000,4422300
2018,CT,0.08107000102490519,237300,2927100
2018,DE,0.1569459172852598,118400,754400
2018,FL,0.11529278338208082,1931500,16753000
2018,GA,0.24782887377933063,1971900,7956700
2018,HI,0.017860224331320104,20700,1159000
2018,ID,0.005110062893081761,6500,1272000
2018,IL,0.0997382120780785,1002000,10046300
2018,IN,0.06591627766902575,350200,5312800
2018,IA,0.017748934672973924,45400,2557900
2018,KS,0.03986970684039088,91800,2302500
2018,KY,0.05826024203397358,209900,3602800
2018,LA,0.26229084008970155,912300,3478200
2018,ME,0.009249183895538629,10200,1102800
2018,MD,0.24564675313789996,1172300,4772300
2018,MA,0.05643941369777268,324600,5751300
2018,MI,0.08561729632227678,683500,7983200
2018,MN,0.026454063644428268,116300,4396300
2018,MS,0.3246905029867544,750100,2310200
2018,MO,0.07614018823434572,377800,4961900
2018,MT,0.0019455252918287938,1600,822400
2018,NE,0.025399562305192653,38300,1507900
2018,NV,0.07391758864012545,169700,2295800
2018,NH,0.012260267974428585,14000,1141900
2018,NJ,0.10427312033241619,742800,7123600
2018,NM,0.018706157443491817,28800,1539600
2018,NY,0.12133786150572194,1932900,15929900
2018,NC,0.17215266804424456,1416300,8227000
2018,ND,0.011394639704702295,7100,623100
2018,OH,0.09025289778714436,856500,9490000
2018,OK,0.0552240350453589,160100,2899100
2018,OR,0.014166054371785452,48200,3402500
2018,PA,0.06399870536606726,672300,10504900
2018,RI,0.04813143584403563,41600,864300
2018,SC,0.2120799385849781,856400,4038100
2018,SD,0.008681577398469689,5900,679600
2018,TN,0.12090754563594708,654400,5412400
2018,TX,0.0959453840426252,1984400,20682600
2018,UT,0.007776740878993912,17500,2250300
2018,VT,0.00687860197062651,3700,537900
2018,VA,0.15106669229290795,1021800,6763900
2018,WA,0.027481874184544747,166400,6054900
2018,WV,0.03238236884802596,47900,1479200
2018,WI,0.031241476259415455,148900,4766100
2018,WY,0.005091875138366172,2300,451700
2019,AL,0.2088394999368607,826900,3959500
2019,AK,0.021616161616161617,10700,495000
2019,AZ,0.03489771359807461,197200,5650800
2019,AR,0.11766417290108064,283100,2406000
2019,CA,0.04931748418320179,1499000,30394900
2019,CO,0.027388869443472172,125200,4571200
2019,CT,0.0749974315948084,219000,2920100
2019,DE,0.15217958757504568,116600,766200
2019,FL,0.11318071615069004,1942000,17158400
2019,GA,0.24177350162422198,1950000,8065400
2019,HI,0.015844467283316205,18500,1167600
2019,ID,0.0043421954749752415,5700,1312700
2019,IL,0.09653198787492023,968100,10028800
2019,IN,0.06094571583615576,325700,5344100
2019,IA,0.018674605629446336,48300,2586400
2019,KS,0.03917249719270968,90700,2315400
2019,KY,0.05699936880814512,207700,3643900
2019,LA,0.254820780399274,898600,3526400
2019,ME,0.010482734319943622,11900,1135200
2019,MD,0.23534413039421023,1134900,4822300
2019,MA,0.054810515651561725,319200,5823700
2019,MI,0.08367104872986063,677200,8093600
2019,MN,0.022576659552959677,100500,4451500
2019,MS,0.31641496481894626,737500,2330800
2019,MO,0.07675342737929665,386300,5033000
2019,MT,0.003410159924741298,2900,850400
2019,NE,0.027231763860771894,41700,1531300
2019,NV,0.07252494244052188,170100,2345400
2019,NH,0.011412143914975172,13100,1147900
2019,NJ,0.10255436998298961,729500,7113300
2019,NM,0.018532918610679107,28600,1543200
2019,NY,0.11773391406418929,1905700,16186500
2019,NC,0.1670754615393819,1396400,8357900
2019,ND,0.011118272639381244,6900,620600
2019,OH,0.08722747926132811,837000,9595600
2019,OK,0.05293037802556432,155700,2941600
2019,OR,0.013551238804234035,46600,3438800
2019,PA,0.06125938872880155,648400,10584500
2019,RI,0.04623092689592348,40600,878200
2019,SC,0.20398514015535293,845600,4145400
2019,SD,0.00939635535307517,6600,702400
2019,TN,0.11625115923844853,639300,5499300
2019,TX,0.09321961942319122,1976200,21199400
2019,UT,0.007090971982013144,16400,2312800
2019,VT,0.009286234522942461,5100,549200
2019,VA,0.1512991593674681,1029500,6804400
2019,WA,0.024951398595780917,155300,6224100
2019,WV,0.033637094612704366,50200,1492400
2019,WI,0.030012054703412727,144400,4811400
2019,WY,0.006231198968629136,2900,465400
2004,AK,0.06208425720620843,28000,451000
2004,AL,0.48169267707082836,1605000,3332000
2004,AR,0.2945273631840796,592000,2010000
2004,AZ,0.07132459970887918,294000,4122000
2004,CA,0.13168487636572743,3435000,26085000
2004,CO,0.0744555620953502,253000,3398000
2004,CT,0.18035303146584805,470000,2606000
2004,DE,0.35784313725490197,219000,612000
2004,FL,0.28211375923246784,3705000,13133000
2004,GA,0.5350268223414326,3391000,6338000
2004,HI,0.04051172707889126,38000,938000
2004,IA,0.0352622061482821,78000,2212000
2004,ID,0.012048192771084338,12000,996000
2004,IL,0.27582500268730514,2566000,9303000
2004,IN,0.164021164021164,744000,4536000
2004,KS,0.10100502512562815,201000,1990000
2004,KY,0.1344510190664037,409000,3042000
2004,LA,0.5984131827891364,1961000,3277000
2004,MA,0.1206611570247934,584000,4840000
2004,MD,0.5352461043779372,2164000,4043000
2004,ME,0.015655577299412915,16000,1022000
2004,MI,0.25831991411701555,1925000,7452000
2004,MN,0.07010090281465746,264000,3766000
2004,MO,0.20928588263021447,888000,4243000
2004,MS,0.671792407496396,1398000,2081000
2004,MT,NA,NA,690000
2004,NC,0.4,2500000,6250000
2004,ND,0.015021459227467811,7000,466000
2004,NE,0.080370942812983,104000,1294000
2004,NH,0.013238289205702648,13000,982000
2004,NJ,0.26555434274130674,1703000,6413000
2004,NM,0.05309090909090909,73000,1375000
2004,NV,0.1383166568569747,235000,1699000
2004,NY,0.32949213359094676,4775000,14492000
2004,OH,0.2146652497343252,1818000,8469000
2004,OK,0.15142198308993082,394000,2602000
2004,OR,0.03667033370003667,100000,2727000
2004,PA,0.18619067977768278,1742000,9356000
2004,RI,0.11562115621156212,94000,813000
2004,SC,0.5488402482848742,1680000,3061000
2004,SD,0.008865248226950355,5000,564000
2004,TN,0.29577464788732394,1302000,4402000
2004,TX,0.21438057294631,3390000,15813000
2004,UT,0.01289134438305709,21000,1629000
2004,VA,0.360365398956003,1933000,5364000
2004,VT,0.008298755186721992,4000,482000
2004,WA,0.06875543951261967,316000,4596000
2004,WI,0.09670382937469704,399000,4126000
2004,WV,0.06308243727598567,88000,1395000
2004,WY,0.0160857908847185,6000,373000
